total Revenue of Customers over all selections,662929.1028999992,1.0,662929.1028999992
