total Revenue of Customers over all selections,1362034.539377998,1.0,1362034.539377998
